Crvena zvezda,
Stuttgart,
Sturm Graz,
Girona,
Aston Villa,
Juventus,
Bologna,
Lille,
Celtic,
Club Brugge KV,
D. Zagreb,
Dortmund,
Liverpool,
Real Madrid,
Monaco,
Benfica,
PSV,
Shakhtar Donetsk,
Basaksehir,
Petrocub,
Simba (Tan),
Bravos do Maquis (Ang),
Al Masry (Egy),
Enyimba (Nga),
ASEC Mimosas (Ivo),
Jaraaf (Sen),
CS Sfaxien (Tun),
Constantine (Alg),
Stade Malien (Mli),
Stellenbosch (Rsa),
Berkane (Mar),
CD Lunda Sul (Ang),
USM Alger (Alg),
Orapa United (Bot),
Zamalek (Egy),
Black Bulls (Moz),
Luanda City,
Petro Atletico,
Sarmiento Junin,
Platense,
Union de Santa Fe,
Talleres Cordoba,
Newells Old Boys 2,
Independiente 2,
Alashkert,
Ararat-Armenia,
BKMA,
Ararat Yerevan,
Gwangju FC (Kor),
Shanghai Shenhua (Chn),
Yokohama F. Marinos (Jpn),
Pohang (Kor),
Nam Dinh (Vie),
Lee Man Warriors (Hkg),
Tampines (Sgp),
Bangkok Utd (Tha),
Altyn Asyr (Tkm),
Al Quwa Al Jawiya (Irq),
Nasaf Qarshi (Uzb),
Al Kuwait (Kuw),
Al Hussein (Jor),
Shabab Al-Ahli Dubai (Uae),
Tractor (Irn),
Al Wakra (Qat),
Al Taawon (Sau),
Al Khalidiyah (Bhr),
Al Riffa,
Al Qadisiya,
Dhofar,
Al Ahli Sanaâ€™a,
Al Arabi,
Al Ettifaq,
Imisli FK,
Lokbatan,
MOIK Baku,
Zaqatala,
Guabira,
Tomayapo,
Blooming,
Universitario de Vinto,
GV San Jose,
Bolivar,
Laktasi,
Famos Vojkovici,
Mrkonjic Grad,
Kozara,
Fortaleza,
Flamengo RJ,
Atletico-MG,
Juventude,
Palmeiras,
Botafogo RJ,
Bahia U20,
Sao Paulo U20,
EC Sao Jose U20,
Gremio U20,
Castanhal U20,
Real Naval U20,
Maracana Taua U20,
Fonte Nova U20,
CAP W,
Tiradentes W,
Sao Joao PI W,
Piaui W,
Skill Red-PI W,
Abelhas Rainhas W,
Akademik Svishtov,
Pavlikeni,
ASEC Koudougou,
Sporting Cascades,
RDF,
Rahimo,
US Comoe,
Majestic,
USFA,
ASF Dioulasso,
Vitesse,
Salitas,
Svay Rieng,
Life FC,
Limache,
Magallanes,
Santa Fe,
Millonarios,
ADR Jicaral,
Escorpiones,
Dugopolje,
Lok. Zagreb,
Sigma Olomouc,
Slovacko,
Usti nad Labem,
Brozany,
Anges Verts,
AC Kuya,
Sanga Balende,
St Eloi Lupopo,
Blessing,
Don Bosco,
Ind. del Valle,
EL Nacional,
Cardiff,
QPR,
Leeds,
Luton,
Middlesbrough,
Blackburn,
Portsmouth,
Millwall,
Derby,
Swansea,
Ebbsfleet,
Eastleigh,
Forest Green,
FC Halifax,
Yeovil,
Barnet,
Gosport,
Bracknell,
Millwall U21,
Cardiff U21,
Swansea U21,
Sheffield Wed U21,
Kidderminster W,
Stourbridge W,
Crvena zvezda U19,
Stuttgart U19,
Aston Villa U19,
Juventus U19,
Celtic U19,
Club Brugge U19,
D. Zagreb U19,
Dortmund U19,
PSV U19,
Shakhtar Donetsk U19,
Sturm Graz U19,
Girona U19,
Bologna U19,
Lille U19,
Monaco U19,
Benfica U19,
Liverpool U19,
Real Madrid U19,
Legia U19,
Midtjylland U19,
Dyn. Kyiv U19,
2 Korriku U19,
F. Constanta U19,
Lok. Zagreb U19,
FK Sarajevo U19,
Trabzonspor U19,
Betis U19,
Sassuolo U19,
Puskas Akademia U19,
Genk U19,
Trencin U19,
Olympiacos Piraeus U19,
Auxerre U19,
Hoffenheim U19,
Finland U19 W,
Norway U19 W,
Czech Republic U19 W,
Austria U19 W,
Greece U19 W,
Denmark U19 W,
Italy U19 W,
Poland U19 W,
Spain U19 W,
Northern Ireland U19 W,
Hungary U19 W,
Sweden U19 W,
Ireland U19 W,
Bulgaria U19 W,
England U19 W,
Turkey U19 W,
Serbia U19 W,
Faroe Islands U19 W,
Germany U19 W,
Kosovo U19 W,
France U19 W,
North Macedonia U19 W,
Netherlands U19 W,
Scotland U19 W,
Iceland U19 W,
Belgium U19 W,
Slovakia U19 W,
Portugal U19 W,
Kazakhstan U19 W,
Latvia U19 W,
Slovenia U19 W,
Malta U19 W,
Luxembourg U19 W,
Croatia U19 W,
Montenegro U19 W,
Albania U19 W,
Romania U19 W,
Liechtenstein U19 W,
Belarus U19 W,
Moldova U19 W,
Dinamo Tbilisi,
Dinamo Batumi,
Samtredia,
Dila Gori,
Telavi,
Samgurali,
Iberia 1999,
Kolkheti 1913,
Torpedo Kutaisi,
Gagra,
Werder Bremen II,
Phonix Lubeck,
Karbach,
Auersmacher,
Wehen U19,
Alemannia Aachen U19,
B. Monchengladbach U19,
Koln U19,
PAOK B,
Ethnikos Neou,
Giouchtas,
Chaidari,
Ashanti GB,
Hafia,
CI Kamsar,
Renaissance,
Horoya,
RCC Kamsar,
Loubha,
Wakriya,
Milo FC,
Kaloum Star,
Sangaredi,
Foot Elite,
SOAR,
Flamme Olympique,
Hatvan,
Debrecen II,
Tiszaujvaros,
DVTK II,
Mohammedan,
Bengaluru FC,
Al Minaa,
Zakho,
Karbala,
Diyala,
Ironi Modiin,
Shimshon Kafr Qasim,
Juventus U23,
Turris,
Giana Erminio,
Pro Vercelli,
Padova,
Caldiero Terme,
Torres,
AC Milan U23,
L.R. Vicenza,
Rimini,
Perugia,
Arezzo,
Vigor Senigallia,
Castelfidardo,
Mathare Utd.,
Nairobi City,
Talanta FC,
Ulinzi Stars,
Shabana,
Leopards,
Bandari,
Kariobangi Sharks,
Bidco United,
Posta Rangers,
Gor Mahia,
Kakamega Homeboyz,
Tusker,
Mara Sugar,
Dinamo Ferizaj,
Flamurtari,
Istogu,
Vellaznimi,
Liria,
Drenica,
Prishtina e Re,
Vjosa,
Rahoveci,
Mitrovica,
Ramiz Sadiku,
Kek-U,
Rilindja,
Besa Peja,
Trepca Mitrovice,
Trepca 89,
Vushtrria,
Fushe Kosova,
Aldier,
Ilbirs,
Kyrgyzaltyn,
Alga,
Bantu,
Defence Force,
ACE Maseru,
Linare,
Manonyane,
Lifofane,
Lioli,
LMPS,
Paynesville,
Shaita,
Global Pharma,
Watanga,
Heaven Eleven,
Freeport,
Mighty Barrolle,
BEA Mountain,
LISCR FC,
Discoveries,
The Belval Belvaux,
Mondorf,
Civo Utd,
Big Bullets,
Mighty Wanderers,
MAFCO,
Silver Strikers,
Baka City,
Sabah,
Putrajaya Antlers,
Club America U23,
U.A.N.L.- Tigres U23,
Juarez U23,
Atl. San Luis U23,
Petrovac,
Buducnost,
FK Podgorica,
Decic,
Mornar Bar,
Bokelj,
Iskra,
Buducnost,
Petrovac,
Rudar,
FC Twente/Heracles U21,
NAC Breda U21,
Douanes Niamey,
Tahoua,
Espoir,
ASGNN,
Olympic Niamey,
Wombeye,
Abia Warriors,
Katsina Utd,
Akwa United,
Plateau United,
Bayelsa United,
Niger Tornadoes,
Ikorodu City,
El Kanemi,
Kano Pillars,
Enyimba,
Kwara,
Heartland,
Nasarawa,
Bendel,
Rangers Int'l,
Lobi Stars,
Remo Stars,
Shooting,
Sunshine Stars,
Rivers United,
Real Hope (Hai),
Moca (Dom),
Cavalier (Jam),
Cibao (Dom),
Besa 1976,
Brera Strumica,
Shkendija,
Shkupi,
Sileks,
Voska Sport,
Struga,
Pelister,
Tikves,
Rabotnicki,
Vardar,
Gostivar,
Al-Shabab,
Bahla,
Ibri,
Al Khaboora,
Gornik Zabrze II,
Unia Turza Slaska,
Warta Gorzow,
Slask Wroclaw II,
Famalicao U23,
Braga U23,
Akhmat Grozny,
Zenit,
FK Rostov,
Spartak Moscow,
Ural,
Khimki,
Sochi,
Dynamo Makhachkala,
APR,
Bugesera,
Faetano,
Virtus,
Folgore,
Tre Penne,
La Fiorita,
Juvenes/Dogana,
Tre Fiori,
San Giovanni,
Al Zulfi,
Abha,
Ohod,
Al Ain,
Al Bukayriyah,
Al Arabi,
NK Bistrica,
Aluminij,
Vrhnika,
Sencur,
Cape Town City,
Polokwane,
Kaizer Chiefs,
Richards Bay,
Castellon,
Racing Club Ferrol,
Levante,
Malaga,
Gimnastic,
Celta Vigo B,
CF Intercity,
Sevilla FC B,
Alzira,
Sabadell,
PE Sant Jordi,
Santanyi,
Bavois,
Luzern II,
Bulle,
Breitenrain,
Koniz,
Echallens,
Tuggen,
Freienbach,
Wettswil-Bonstetten,
Linth,
UPDF,
Police,
Wakiso Giants,
URA SC,
Kremin,
FSC Mariupol,
Viktoria,
UCSA,
Progreso,
Penarol,
Fenix,
Maldonado,
Boston River,
Racing Montevideo,
Cerro Largo,
Defensor Sp.,
Ulsan Citizen,
Vietnam,
Helsingor (Den),
Koge (Den),
Povazska Bystrica (Svk),
Zlinsko (Cze),
Algeria W,
Uganda W,
Costa Rica W,
Panama W,
Green Buffaloes,
Nkwazi,
Indeni,
Nchanga Rangers,
Kabwe,
Mutondo Stars,
MUZA,
ZESCO,
Power Dynamos,
NAPSA Stars,
Red Arrows,
Mufulira,
Zanaco,
Nkana,
